{"music":0.9199999570846558,"sfx":0.5299999713897705,"hue":{"kM":931,"kBlank":7,"kQ":1080,"kE":405,"kW":323,"kH":50,"kZ":481}}