{"music":0.23999999463558197,"sfx":0.1599999964237213,"bestTime0":3,"bestTime2":1,"hue":{"kM":958,"kBlank":7,"kQ":277,"kE":480,"kW":791,"kH":1080,"kZ":385},"bestTime1":1,"bestTime3":3}