{"music":0.029999999329447746,"sfx":0.41999998688697815,"hue":{"kM":958,"kBlank":7,"kQ":289,"kE":480,"kW":779,"kH":1080,"kZ":767}}